Provincia,X1,X2,X3,X4,X5,X6,X7,X8,Y1,Y2,Y3,Y4,Y5,Y6,Y7,Y8,Y9,Y10,Y11
A,2.7229593,113.2297247,95.9843158,16.7915824,13.2744266,61.8338677,34.2639047,38.8021702,3.4,44.2,11,28.5,12.8,12.2,13.5,2.5,16.5,24.7,7.7
B,4.2870821,45.7288754,9.5268490,8.5741641,5.7161094,33.8203141,10.9558764,34.7729990,1.4,2.9,16.8,33.8,26.9,10.2,31.6,8.3,45.4,53.9,25.2
U,2.1322265,77.4708951,40.8676740,24.8759755,9.2396480,76.7601530,15.9916985,32.6941392,3.9,30.9,15.7,30.8,18.7,14.9,17,3.8,23.9,36.2,9.4
C,2.6756712,41.2053364,12.3080875,2.6756712,11.2378190,26.7567119,13.9134902,19.7999668,4.9,28.7,19.5,34.3,12.5,15.8,32.8,17,22.7,34.4,13.8
X,5.7292988,65.0684651,41.5374164,9.6170373,14.9371005,40.7189452,24.9633734,29.6695832,2.8,25.6,24,27.5,20,8.8,26,10.4,24.2,53.2,26.4
H,2.4808971,118.7013840,57.4423096,8.0152060,14.8853826,54.0072213,20.0380150,36.8317799,1.3,19.3,13.9,32.9,32.4,5.6,43.8,22.7,40.1,63,41.7
O,12.1550651,241.0056011,23.6115632,74.4672379,25.0086972,91.9314119,50.1571077,44.2891452,4.9,47.2,15.3,25.8,6.8,21.1,13.7,3.2,22.2,25.2,5.6
E,11.3351255,141.6044786,12.3502114,36.2047293,6.5980581,93.5570808,26.2230516,38.5732630,10.4,24,22.8,34.2,8.5,25.8,49.4,26.9,58,62.1,35.4
G,9.3220776,272.4371466,68.3543046,69.5623000,55.6361646,55.4082409,28.7639655,22.3821031,3.1,45,21.8,23.7,5.4,21,15.7,3.3,33.8,33.2,10.1
I,5.2492667,118.2134856,32.9653947,11.9683280,4.6193547,52.9126081,23.9366560,30.4457467,6.8,31.6,16.3,33.9,11.1,16.8,33.1,14.5,29.1,33.8,14.7
L,1.7269368,52.7675121,11.8966755,2.8782279,5.1808103,35.8819082,8.2509201,41.2546004,3.6,26.9,16.7,30.8,22,10.6,28,8.6,33.5,46.2,21.6
R,12.0421410,200.0514232,20.1787227,115.5394608,23.8673065,57.4985110,31.6784249,23.3248677,2.8,31.9,27,30.7,7.6,22.5,23.5,5.3,47.3,51.1,19.9
M,7.2339491,82.2621647,12.0352428,34.8894006,25.2868133,55.0548340,26.1190375,24.5186063,2.3,30.1,24.4,31.6,11.5,17.6,23.6,5.6,45.4,46.2,18.9
V,5.3910100,32.3460597,11.3211209,13.4775249,0.0000000,82.4824523,21.0249388,139.0880568,1.3,15.7,14.8,29,39.2,6.4,61.2,37,65.7,75.9,59.6
N,1.3817308,1.3817308,1.3817308,1.3817308,1.3817308,1.3817308,1.3817308,1.3817308,2.2,18.9,20.6,26.4,31.8,10.4,55.4,38.9,56,70.4,53.2
S,7.8807727,82.3102923,23.6423180,3.5025656,7.8807727,126.0923627,28.8961664,88.4397821,1.9,22.4,16.2,28,31.3,5.8,57.4,36.5,61.1,75.6,64
P,4.8633416,230.4046827,111.8878346,35.9639468,46.6199311,72.7642645,52.3196436,27.3524247,8,53,12.5,21,4.5,16.5,12.8,4.5,11,11.3,2.3
T,2.8784287,87.8767355,54.1821876,2.8784287,10.8364375,45.0389434,23.1967491,26.7524551,2.2,32.9,15.3,30.2,19,7.1,23.3,8,10.5,38,12
Z,1.6609088,23.2527239,7.4740898,2.4913633,0.0000000,59.7927186,23.2527239,56.4709009,3.1,27.4,17.2,29.9,22.4,11.4,43.1,10.3,34.3,61,37.3
W,0.0000000,6.0529024,3.0264512,0.0000000,0.0000000,21.1851583,3.0264512,60.5290237,2.1,65.2,25.7,17.6,5.3,11.6,0.3,0.2,15,10.6,0.3
K,13.0150150,130.5839837,14.3165165,107.5907906,9.1105105,95.4434433,34.7067066,69.8472471,4.7,27.1,16.1,33.4,18.5,18.6,47.7,22.2,63,60.5,34.5
Q,5.5783510,143.1776767,14.8756028,96.6914180,8.0576182,117.1453718,50.2051594,58.2627775,1.8,20.3,11,29.7,37.1,8.5,52.3,32.4,75.5,73.4,57.6
J,5.2821965,165.5088222,25.6284347,91.9493457,70.8205599,74.9289349,44.4095776,38.3448335,2.8,37.2,22.6,28.8,7.5,20.1,18.9,3.8,33,39.9,13.1
Y,1.9941273,145.8205585,36.6420890,29.4133776,5.4838501,92.4776533,33.1523663,23.9295275,2.8,33.9,25,31.3,6.5,26.4,28.1,8.1,36,42,8.9